0,1
LokSabhaElections2019,283075
MainBhiChowkidar,223585
Elections2019,217193
ElectionResults2019,143594
Modi,126255
BJP,118246
Congress,114729
Election2019,103292
RahulGandhi,93081
ExitPoll2019,92655
NarendraModi,90924
ChowkidarPhirSe,87759
PhirEkBaarModiSarkar,87702
ChowkidarChorHai,73189
Amethi,70506
delhielections2020,69631
ElectionCommission,68748
India,67297
AayegaToModiHi,66936
VoteKar,66810
VoteForIndia,62422
NamoAgain,58640
Chowkidar,58188
LokSabhaElection2019,57328
चौकीदार,57015
ModiOnceMore,56101
ModiHiAayega,53324
bjp,52276
ModiHaiToMumkinHai,51845
IndianElections2019,48646
delhiresults,45641
RafaleDeal,44677
IndiaElections2019,44215
LoksabhaElections2019,43839
RajivGandhi,42355
SadhviPragya,41908
AmitShah,40794
WestBengal,40538
VijayiBharat,40433
ExitPolls,40322
Varanasi,39856
AayegaTohModiHi,38937
PMModi,38901
MinimumIncomeGuarantee,37999
ElectionsWithNews18,37859
aap,37367
congress,37292
2019Elections,37128
Verdict2019,36370
ModiSarkar2,36280
ModiAaneWalaHai,35892
modi,35775
Rafale,34508
EVM,32755
delhielectionresults,32450
EVMs,31945
KashiBoleNaMoNaMo,31897
NYAY,31720
GoBackRahul,30858
AbHogaNYAY,30813
AzamKhan,30713
DeshModiKeSaath,30433
NaMoForNewIndia,30278
BattleOf2019,30058
कांग्रेस,29684
delhielection,29269
Wayanad,29267
BJP4India,29226
NaMoAgain,28984
RafaleScam,28768
GoVote,28561
ModiAaGaya,28526
ModiHaiTohMumkinHai,28018
RahulLovesTerrorists,27810
PragyaThakur,27555
PhirEkBaarModiSarkaar,27495
IndiaElects,26980
ElectionDay,26487
MamataBanerjee,26317
IndiaWantsModiAgain,26003
Phase4,25616
KamalHaasan,25525
DeshKeLiyeModi,25253
WATCH,25216
delhi,24943
मोदी,24840
PriyankaGandhi,24714
JantaMaafNahiKaregi,24643
biggboss13,24507
WeWantChowkidar,24409
ChowkidarNarendraModi,24353
ModiAgainSaysIndia,24094
MannKiBaat,24037
IndiaWithNaMo,23406
GeneralElections2019,23328
HarVoteModiKo,23119
NaMoAgain2019,22896
ModiWithAkshay,22890
mainbhichowkidaar,22836
BharatKaGarvModi,22577
PMNarendraModi,22572
WhyModiAgain,22508
ModiMeinHaiDum,22365
IndiaVotesForNaMo,22317
GautamGambhir,22293
MyFirstVoteForModi,22243
CongressMuktBharat,22234
sidharthshukla,21941
Delhi,21736
aapwinningdelhi,21734
NewIndia,21113
bb13,21018
IStandWithGambhir,20965
PriyankaSharma,20909
delhipolls2020,20900
ChowkidaroKaScam,20638
SmritiIrani,20627
NamoAgain2019,20328
KanhaiyaKumar,20260
TMC,20163
ModiHainTohMumkinHain,19946
JeetegaToModiHi,19944
VotingRound6,19854
ModiAaRahaHai,19812
HemantKarkare,19789
BREAKING,19579
DeshKeDilMeiModi,19560
Pakistan,19482
YogiAdityanath,19287
PragyaSinghThakur,19272
unemployment,19188
NiravModi,19012
Phase6,18973
राहुल_गांधी,18969
SoniaGandhi,18897
ModiOnIndiaTV,18714
AbkiBaarKiskiSarkar,18653
GoBackModi,18599
EVMHacking,18484
ModiHaiToVikasHai,18380
LokSabhaEelctions2019,18343
PappuDiwas,18341
AssemblyElections2018,18326
ISupportPriyankaSharma,18279
ExitPoll,18191
AbkiBaar300Paar,18148
ArvindKejriwal,18056
MissionShakti,18034
BharatBoleModiModi,17904
LokSabhaElections,17881
MainBhiBerozgar,17821
Vote4BJP,17782
JitegaModiJitegaBharat,17744
Bhopal,17718
AbHogaNyay,17706
ModiSpeaksToBharat,17609
exitpolls,17600
ModiLaoDeshBanao,17598
2019LokSabhaElections,17559
FirstTimeVoters,17532
फिर_एक_बार_मोदी_सरकार,17424
भाजपा,17353
CloudyModi,17333
VoteKarMumbai,17322
SaveBengalSaveDemocracy,17321
BharatBoleNaMoNaMo,17278
vote,17171
iTrustChowkidar,17115
exitpoll,17086
VotingRound7,16983
EkHiChowkidarChorHai,16740
KejriwalKiKutai,16695
chowkidar,16586
ModiWave,16469
BharatMangeModiDobara,16258
rollbackhike,16152
ApnaModiAayega,16143
VanakkamRahulGandhi,16125
ModiSwearingIn,16118
UttarPradesh,16083
ModiSweep,16030
Vote4Modi,15975
BhaagRahulBhaag,15833
चौकीदार_ही_चोर_है,15700
shaheenbagh,15630
AajTakAxisExitPoll,15596
Unemployment,15592
india,15541
Mayawati,15333
RahulForBehtarBharat,15212
HarGharModi,15117
AAP,15098
BJP_भगाओ_देश_बचाओ,14933
HarBoothParModi,14870
ModiAgain,14798
Phase5,14791
TelanganaElections2018,14772
delhielections,14687
CongressManifesto,14652
SunnyDeol,14596
AndhraPradesh,14562
delhielection2020,14520
DeshKiShaanModi,14438
justiceforebiz,14417
BengalWithBJP,14390
लोकसभाचुनाव2019,14374
IndiaBoleModiDobara,14246
मोदी_है_तो_मुमकिन_है,14207
election2019,14192
MainBhiChowkidaar,14178
IStandWithAtishi,14177
VotingRound4,14174
AyegaTohModiHi,14173
Bihar,14130
TamilNadu,14050
DynastyMuktBharat,13916
Rajasthan,13888
loksabhaelections2019,13884
NDA,13795
MadhyaPradesh,13678
IndiaSaysNaMoAgain,13677
GoBackPappu,13669
GambhirforEastDelhi,13636
Phase3,13630
JaiShriRam,13587
NyayForIndia,13560
AcceptTheVerdict,13519
MeraVoteModiKo,13424
Kedarnath,13415
IsBaarPhirModi,13275
VoteForChange,13081
ChowkidarHiChorHai,13042
Kerala,12976
MumbaikarVoteKar,12967
PuriGandhiFamilyChorHai,12952
RajivGandhiChorHai,12902
DeshKiPasandModi,12896
IsBaarNaMoPhirSe,12819
Begusarai,12759
मैं_भी_चौकीदार,12721
MaiBhiChowkidar,12667
elections2019,12666
ElectionCommissionOfIndia,12566
वाराणसी,12559
BharatModiKeSaath,12551
Vote,12404
IndiaTodayAxisPoll,12383
Phase7,12193
ModiReturns,12176
SupremeCourt,12154
Election2019Results,12068
ElectionsWithHT,12065
Bofors,12031
मैं_भी_चौकीदार_हूं,11995
Chowkidars,11977
TimeMagazine,11958
APElections2019,11926
EveryVoteForModi,11923
NiravArrested,11921
arvindkejriwal,11905
MasoodAzhar,11838
Vidyasagar,11789
HuaToHua,11745
MahaParivartan,11614
polls,11546
DMK,11486
ModiMatBanao,11479
MamataBanarjee,11477
ModiAgain2019,11452
ModiBiopic,11376
narendramodi,11375
IndiaBoleNaMoPhirSe,11310
PMModiOnTimesNow,11154
Bengal,11153
PhirEKBaarModiSarkaar,11141
VotingRound5,11058
MondayMotivation,11016
MyVoteForCongress,11014
GoBackFascistModi,11000
ModiPhirSe,10939
चोर,10937
VoteKarIndia,10904
HealthcareForAll,10870
Jayaprada,10855
Telangana,10819
AbKiBaarModiSarkar,10805
ModiSpeaksToNews18,10767
RahulApologizes,10747
Gujarat,10721
ModiOnAajTak,10715
ModiJahanVikasWahan,10707
ElectionsWithNDTV,10688
BJPManifesto,10672
ModiFor2019,10608
BJPSankalpPatr2019,10605
चौकीदार_चोर_है,10488
JaiHind,10480
delhiassemblypolls,10335
pulwamaattack,10262
VoteKaro,10242
ThursdayThoughts,10239
LokSabha,10232
LIVE,10225
SadhviPragyaSinghThakur,10207
वोट,10155
CharsiPappu,10125
Verdict2019WithNews18,10123
Namo_Again,10103
Breaking,10094
FattuPappu,10086
ElectionsWithTimes,10078
ModiTsunami,10068
NYAYForIndia,10005
inked,9972
PriyankaGandhiVadra,9969
Modi2019Wave,9914
TNRejectsBJP,9886
Odisha,9819
INSViraat,9800
AugustaWestlandScam,9799
VotingRound1,9785
ECI,9739
TCPoll,9729
Karnataka,9707
ManiShankarAiyar,9697
ModiInVaranasi,9654
LokSabha2019,9635
VotingRound3,9617
Rajinikanth,9605
Pappu,9564
HarGharModiKeSaath,9522
Pulwama,9487
HarDilMeiModi,9473
asimriaz,9466
RajThackeray,9466
ElectionResults,9465
RememberMeWhenYouVote,9438
ElectionAlert,9388
Kashmir,9367
FirEkBarModiSarkar,9367
Kolkata,9352
RahulTakingIndiaForward,9326
UrmilaMatondkar,9286
MahaGathbandhan,9283
GotInked,9259
प्रधानमंत्री,9229
Article35A,9227
अमेठी,9214
delhivotekar,9194
भगवा_कर_दो_दिल्ली_को,9162
PhirEkbaarModiSarkar,9157
Loksabhaelections2019,9105
DelhiWithModi,9021
IndiaFirstModiBest,8975
PrimeMinister,8952
Mumbai,8868
PM,8839
bbawards,8827
लखनऊ,8798
ISupportGautamGambhir,8764
RSS,8720
RahulMasoodJiComment,8677
auspol,8647
Scared2Debate,8640
EC,8627
बीजेपी,8564
ModiCabinet,8560
cartoon,8534
Kanhaiya4Begusarai,8525
டார்ச்லைட்,8502
SapnaChaudhary,8468
NewProfilePic,8456
DynastyMuktAmethi,8455
WednesdayWisdom,8448
VoteBecauseYouCan,8423
GobackModi,8398
Atishi,8268
rahulgandhi,8238
Gandhi,8227
YSRCP,8226
AbkiBaarPhirModiSarkar,8192
VikasPoochhRahaHai,8187
SundayThoughts,8186
FileChorChowkidar,8181
Kamalhaasan,8165
rajatsharma,8163
RGtoRavish,8158
ModiKaFakeGDP,8152
Maharashtra,8152
aajtak,8129
SamPitroda,8070
Trump,8055
TuesdayThoughts,8054
HinduTerror,8041
caa,8025
News24TodaysChanakya,7996
Results2018,7990
BreakingNews,7950
GoBackSadistModi,7944
AgustaCaseCracked,7883
Democracy,7872
manojtiwari,7842
Vijay,7801
NyayYatra,7788
भारत,7781
OperationBharatvarsh,7780
NYAYforIndia,7767
salmankhan,7760
delhiwithmodi,7759
दिल्ली,7687
ModiOnZee,7657
RahulGandhiWayanad,7645
2019OpinionPoll,7634
election,7633
देश,7615
RahulGandhiBaklolHai,7606
RafaleFilesStolen,7599
DeshKaGauravModi,7586
Bengaluru,7573
ResultsOnAajTak,7548
केजरीवाल,7545
मतदान,7534
Namoagain,7500
VijaySankalpSabha,7485
MamtaBanerjee,7434
GoVoteDelhi,7384
FekuModi,7317
AkhileshYadav,7298
SmritiForAmethi,7280
ResultsOnZee,7246
KamalNath,7244
shehnaazgill,7196
AyushmanBharat,7181
YeddyurappaDiaries,7167
23_मई_भाजपा_गई,7166
breaking,7105
KejriwalSlapped,7093
मोदीजी,7078
TejBahadurYadav,7073
FekuDiwas,7073
ChowkidaarNahiJawabdarChahiye,7067
BiggBossTamil3,7058
DeshKaMahaTyohar,7045
sidhearts,7035
RepublicExitPoll,6994
PMModiOnABP,6980
DelhiVotes,6974
amitshah,6971
Indians,6959
Nyay,6958
SwearinginCeremony,6953
BhaktCharitra,6947
BiggBossTamil,6879
elections,6876
Muslim,6804
हर_बार_चौकीदार,6759
BSNL,6759
FridayFeeling,6758
UP,6756
NaMo,6718
NpsGoBack,6667
master,6661
Manifesto,6656
KejriwalHatesHindu,6637
TMChhi,6623
UPDATE,6597
RajasthanElections2018,6554
FakeNews,6542
AtishiMarlena,6527
Punjab,6516
BharatBoleModiFirSe,6506
AkshayInterviewsModi,6486
Indian,6466
citizenship,6456
ModiInKedarnath,6439
ShatrughanSinha,6424
RobertVadra,6402
ShivSena,6397
RadarModi,6389
voteforjhadu,6359
RahulKaChallenge,6339
CongressHaiNa,6323
Politics,6320
ElectoralBonds,6301
PetticoatPatrakar,6281
JaichandList,6259
NewsAlert,6251
AmethiKaRahulGandhi,6236
BengalPollViolence,6235
Article370,6226
ELECTIONBREAKING,6222
वायनाड,6215
ModiSarkar,6199
bb13onvoot,6179
Godse,6179
RahulGandhiFattuHai,6154
kejriwal,6152
UPA,6147
coronavirus,6141
timesnowsummit,6140
JaayegaTohModiHi,6134
DeshBoleModiPhirSe,6121
biggboss,6117
ShameOnCongress,6116
MainModiKeSaath,6103
Results2019,6102
KejriBreakup,6072
VoteForCongress,6062
BSP,6045
AyegaToModiHi,6037
MaharashtraWithAmbedkar,6027
Ajith,6026
ModiMehangaPada,6020
ApnaVoteSahiHathMeDijiye,6019
aslifans,6009
evm,6005
ModiTohGaya,6004
AprilFools,6003
NitishKumar,5986
PayalRohatgi,5983
IPL2019,5976
EntireCloudCover,5957
PulwamaAttack,5944
OruviralPuratchi,5927
CongAdmitsJhoot,5921
JaiSriRam,5918
MyVoteForIndia,5907
Lucknow,5904
Hindu,5878
IndiraGandhi,5876
मैं_भी_चौकीदार_हूँ,5859
democracy,5840
राहुल_गाँधी,5828
bb13finale,5804
shehnaazgiii,5802
IndianArmy,5791
satyamevjayate,5766
पप्पू,5765
MakeYourMark,5765
Balakot,5757
5daystogo,5751
Loksabha2019,5748
ImranKhan,5746
ASAT,5734
NaMoAgainAngersCong,5718
चायवाला,5710
लक्ष्य_हमारा_मोदी_दोबारा,5702
TNWelcomesModi,5694
PawanKalyan,5692
RamMandir,5679
NammaRahulGandhi,5670
VVPAT,5667
politics,5659
HindusBlockedInBengal,5649
TDP,5635
GST,5633
साहेब,5619
kamalnath,5613
DeshRakshakModi,5606
Kashi,5601
BuraNaManoGoliHai,5592
SAElections2019,5587
MPElections2018,5575
ManmohanSingh,5574
SaturdayMotivation,5573
kejriwaltsunami,5559
OdishaElections2019,5558
Jharkhand,5550
Urban_नक्सली_केजरीवाल,5545
voteondelhi,5536
BJPForIndia,5526
Vote4India,5520
बेरोजगार,5519
AmethiWithSmritiDidi,5515
OathCeremony,5505
MadhyaPradeshElections2018,5500
FIRagainstCorruptModi,5497
PhirEkBarModiSarkar,5496
MakkalNeedhiMaiam,5487
เลือกตั้ง,5484
BestQuotesOfModi,5476
Election,5475
votekar,5457
Thai,5452
คสช,5444
JanSankalpRally,5441
NCPO,5439
Junta,5436
Prayuth,5436
CongBachaoRahulHatao,5430
gautamgambhir,5403
BIGNEWS,5402
trump,5379
AkshayKumar,5354
supremesid,5354
ModiHaitoMumkinHai,5349
MasoodAzharJi,5326
ModiGovt,5324
RahulKaBaapChorHai,5321
मोदी_सरकार_फिर_से,5320
MNM,5311
ModiCorruptionYaadRakhna,5307
SundayMotivation,5304
ModiSarkaar2,5302
PriyankaChaturvedi,5302
ResultsWithNDTV,5301
जय_श्री_राम,5271
ThankYouNehru,5267
Elections2019results,5244
NDTVExclusive,5226
HappyHoli,5221
PulwamaTerrorAttack,5221
MissionModi2019,5210
GayabHoGaya,5204
NaMoTV,5195
LoksabhaElection2019,5187
ParivartanBusYatra,5186
begusarai,5167
पाकिस्तान,5162
Bharat,5155
China,5153
Muslims,5153
RahulForYoungIndia,5148
RafaleChorChowkidar,5145
AvengersEndgame,5140
CongressNeverAgain,5137
ModiLies,5135
GandhiMarchesOn,5122
RahulCheatsPoor,5114
Janasena,5095
JayaPrada,5089
TukdeTukdeGang,5050
TNElection2019,5039
ATPoll,5038
PakodaYaadRakhna,5034
Jammu,5020
manifesto,5016
ShameOnPMModi,5016
VoteForBJP,5009
Nehru,5003
FreeTajinderBagga,5002
UnitedByVote,5000
RahulGandhiChorHai,4993
RGWithBJP,4992
ModiVsWho,4982
VoteForModi,4979
namoagain,4970
Gadchiroli,4970
ModiVsPakistan,4966
rogerstone,4965
IndiaVotes,4962
Mahagathbandhan,4960
watch,4957
ElectionBreaking,4947
राजस्थान,4944
MeinBhiChowkidar,4926
MeraVoteCongressKo,4924
RahulKaJumla,4922
IndiaFirst,4912
MyIndiaMyVote,4912
NOTA,4903
UrbanNaxals,4879
ModiWhereIsOurMoney,4873
Demonetisation,4866
HugplomacyYaadRakhna,4857
JijaSalaChorHai,4854
VoteANC,4852
DividerInChief,4847
radar,4845
pmmodi,4837
TMchhi,4835
SaturdayThoughts,4829
Elections,4814
bjp4india,4798
pmoindia,4791
MuddeKiBaat,4779
Hindus,4766
यूपीशिखरसम्मेलन,4766
DRDO,4737
RahulKiDalali,4730
PMNarendraModiOn24thMay,4702
DelhiwithModi,4667
बिहार,4667
SambitPatra4Puri,4661
VotingDay,4650
resultswithndtv,4649
OpinionPoll,4641
IstandwithGautamGambhir,4631
BharatKeMannKiBaat,4627
SanchiBaat,4626
MODI,4624
चुनाव,4617
ADMK,4615
एग्जिट_पोल,4607
ChorBanaChowkidar,4605
DelhiMetro,4598
HuaTohHua,4592
Twitter,4590
GangaYatra,4585
MKStalin,4583
Pappu420,4583
ChowkidarNahiRozgaarChahiye,4574
Modi4NewIndia,4551
amethi,4540
YSJagan,4538
CongressManifesto2019,4534
ABPResults2019,4532
pakistan,4510
GDP,4501
Cabinet2019,4489
SushmaSwaraj,4483
media,4470
HindusSoftTarget,4461
Ranchi,4459
PappuQuotes,4456
voting,4447
SurgicalStrike,4404
ManoharParrikar,4372
CWC19,4368
EkBaarPhirModiSarkar,4355
ModiScamCentury,4354
BiggBoss3,4352
NathuramGodse,4343
VandeMataramIndiaTV,4340
VivekOberoi,4336
DontVoteForModi,4322
IStandWithMaheshHegde,4314
Citizenship,4312
aapkidilli,4309
votekardilli,4306
Kejriwal,4305
सातों_सीटें_मोदी_को,4302
voted,4299
ATLivestream,4294
MumbaiNorthwest,4291
PressConference,4288
ModiRajya,4281
Jinnah,4278
sidharthkeaslifans,4277
sidnaaz,4277
RahulKaBaapChorHain,4267
SoniaGandhiRaeBareli,4263
BJPJumlaManifesto,4260
Vote4Jhaadu,4251
Video,4238
PMOIndia,4234
ModifiedJobs,4221
कमलनाथ,4221
தமிழ்மானம்காப்போம்,4215
NamoTV,4176
Kanimozhi,4166
Mueller,4165
BestModiSpeech,4148
delhiassemblyelections,4147
Haryana,4145
Gobackrahul,4130
AntiMiddleClassCongress,4129
महागठबंधन,4123
ABPresults2019,4110
VoteNyayVoteCongress,4107
SurgicalStrikes,4106
delhiexitpolls,4106
राहुल,4096
PhirEKBaarModiSarkar,4089
RaGaKaMamaJailMe,4083
sana,4076
Decision2019,4070
TeamModi,4069
sidharthshukia,4055
MeAndMyFirstTimeVoterBeti,4042
MPElection2018,4041
LokSabhaElectionresults2019,4038
Modi2019Khiladi,4036
Radar,4031
HappyHoli2019,4019
लोकसभा,4014
tattoo,4008
delhiwithbjp,4003
RahulBadlegaIndia,3979
NirmalaSitharaman,3977
Rahul,3955
PanditJawaharlalNehru,3954
weekendkavaar,3947
ChokidaarChorHai,3946
GameofThrones,3944
varanasi,3943
PMO,3940
BanAzamKhan,3939
FirEkBaarModiSarkar,3935
PoliticalStockExchange,3931
Shame,3928
Ayodhya,3904
CongressWorkingCommittee,3896
NamoForNewIndia,3891
नीरव,3879
EXCLUSIVE,3869
INS,3862
indiatodayaxispoll,3856
vijay,3856
MainBhiKaamdar,3852
AmitShahOnZee,3847
APCMYSJagan,3834
RJD,3827
रावण,3825
MeToo,3823
ATVideo,3814
Constitution,3807
ArmySeMaafiMaangoModi,3803
RahulwithSwara,3789
JanaSenaParty,3787
vote4jhadu,3786
Bhimavaram,3786
BengalBurning,3779
NiravModiArrested,3776
விவசாயி,3773
आजम_खान,3762
MaiBhiChowkidaar,3756
NitinGadkari,3753
Electionsresults2019,3753
ONGC,3738
ElectionWar2019,3738
Pappu72000FarziScheme,3734
AIADMK,3728
delhivotesforbjp,3717
HappyFathersDay,3716
INC,3714
LokSabhaPolls2019,3711
RaghuramRajan,3703
ResultsOnIndiaToday,3689
Namo,3681
किसान,3679
JammuAndKashmir,3679
दिल्ली_में_कमल_खिल_रहा_है,3675
ModiAur36Chor,3672
MainHindustanHoon,3672
PrakashRaj,3659
EXITPolls2019,3652
माल्या,3648
maibhichowkidaar,3645
maga,3642
Raga,3642
qanon,3642
Hyderabad,3634
AskKTR,3632
nrc,3623
BJPScaredOfKejriwal,3621
Electionresult2019,3618
TuesdayMotivation,3600
EmergencyInKarnataka,3599
HridMajhareRahul,3591
IPL,3591
ModiMadeDisaster,3583
SabkaSaathSabkaVikas,3575
BJPFirstList,3575
ZeeMahaExitPoll,3573
America,3569
VotingRound2,3568
gobackmodi,3566
HogiCongressKiJeet,3566
Exclusive,3560
BJPWinningAmethi,3554
ये_ज्ञान_अनमोल_है,3553
हिंदुओं,3550
आप,3549
RahulCitizenshipControversy,3542
AmitShahHomeMinistry,3539
RahulScamsterScam,3534
Maa,3524
Polls,3517
Bollywood,3509
आ_रही_है_कांग्रेस,3508
sher,3497
sanathebbwinner,3496
CabinetAnnouncement2019,3492
LeLi,3474
ललित,3473
ChandrababuNaidu,3469
HaryanaVoteForNation,3466
delhielectionresult2020,3465
Behen,3455
VerdictWithTimes,3454
BengaluruSouth,3446
Countdown,3442
UditRaj,3440
Allah_Kabir,3439
Pyar,3437
ThursdayMotivation,3432
हमारा_वोट_भाजपा_को,3425
MCC,3418
मेहूल,3417
primeministerofindia,3411
Voting,3409
inspirationasim,3408
EUelections2019,3407
கமல்ஹாசன்,3405
Sikhs,3396
आएगा_तो_मोदी_ही,3395
CountingDay,3395
EVMScandal,3389
Chowkidarnarendramodi,3383
Chhattisgarh,3365
RaeBareli,3362
Jaipur,3360
ShameShame,3359
mythology,3351
President,3351
KhulGayaDhagaRagaBhaga,3348
साधु,3343
DekhengeModiBiopic,3341
Islam,3332
GoVoteTN,3332
सपा,3331
justiceforpulwamaattack,3321
Siachen,3316
KejriwalChewtiyaHai,3315
BhagRahulBhag,3311
smritiirani,3311
Live,3310
AugustaWestLandScam,3305
Parliament,3305
SabseBadaRound,3300
Media,3298
TimesNowExitPoll,3297
DevbhoomiWithRahulGandhi,3292
vote4bjp,3289
MothersDay,3287
KBPMSelfie,3287
joinaap,3286
ChowkidarMeinZorHai,3285
NaxalAttack,3280
HardikPatel,3275
NoVoterToBeLeftBehind,3270
SabseBadaJhootaModi,3270
delhiassemblyelections2020,3265
ModiAagaya,3263
DeshKiBhoolKamalKaPhool,3257
ArnabGoswami,3256
RaGa,3255
Halalan2019,3246
MakeYourMarkTN,3246
news,3243
MODIfiedJobs,3243
CycloneFani,3242
BengalViolence,3226
VisionaryVsDivisionary,3226
MetGala,3221
EkPostNamoKNaam,3220
Pressconference,3220
HomeMinisterAmitShah,3218
CWC,3212
rakshashon,3209
JeetHogiSachKi,3207
shehnazkeaslifans,3207
SatyamevJayate,3203
YeddyDiaries,3203
BJPWinning,3201
cdnpoli,3200
AtalBihariVajpayee,3197
naxalattack,3194
rashamidesai,3187
NDTV,3183
JawanVirodhiModi,3179
Chandigarh,3177
ChattisgarhElections2018,3175
ElectionCampaign,3173
ModiWaveElection,3172
PriyankaGandhiInAssam,3171
जीने_की_राह,3164
poll,3160
Bjp,3159
ThisBillWillPass,3157
economy,3156
Brexit,3153
VoteForGlass,3148
healthcare,3140
सुप्रभात,3136
PMK,3132
TelanganaElections,3124
विकास,3119
GeneralDyerModi,3111
JaiShreeRam,3104
firekbarmodisarkar,3103
Jobs,3092
फ़क़ीर,3089
Alwar,3081
गोडसे,3081
WednesdayMotivation,3080
Asansol,3076
demdebate,3074
Democrats,3073
Goa,3069
starboyasim,3064
TeamIndia,3061
न्याय,3060
कमल,3054
kashmir,3050
Switzerland,3049
CabinetAnnouncement,3049
HumNibhayenge,3044
SP,3041
माँ,3040
Prayagraj,3034
KamalHinduTerrorJibe,3028
GodiMedia,3028
लोकतंत्र,3026
AbkiBaar400Paar,3023
काँग्रेस,3017
namo,3016
Budget2019,3013
thalapathy,3008
ITVideo,3005
evms,3000
BBMAs,2992
PratapChandraSarangi,2992
AarPaar,2990
49P,2989
govote,2984
Poll,2984
NyayForEmpowerment,2979
LokSabhaElectionResults,2979
Retweet,2967
ButtonDabaoDeshBanao,2963
SanjivBhatt,2956
OPS,2954
DelhiWithKejriwal,2950
PollOfPolls,2949
retweet,2946
RahulDemocracyDialogue,2944
MP,2942
Namoagain2019,2938
Tamilnadu,2937
AagayaModi,2937
IndiaWithCongress,2934
Corruption,2933
phirSeModiSarkar,2930
Gurdaspur,2928
मैं_भी_सैनिक,2913
RahulGandhiScamLink,2911
mainbhichowkidar,2905
GameofThronesseason8episode3,2901
ZayedMedal,2892
rashmidesai,2888
AmitShahAtIndiaTV,2888
Lootidar,2886
Pidis,2886
KCR,2884
ink,2876
Vote4Nation,2873
Alexa,2869
ElectionDirtyCash,2866
SamajwadiParty,2864
zeenews,2854
ChhattisgarhElections2018,2853
काशी,2849
Facebook,2848
பிக்பாஸ்,2845
LoksabhaElections,2845
Chennai,2841
NationFirst,2839
PratapSarangi,2835
Education,2833
CongressChorHai,2829
बंगाल,2826
mwc2020,2822
Ahmedabad,2818
Kamalnath,2814
women,2811
Yeddyurappa,2810
indiangovernment,2807
hemantkarkare,2807
KanganaRanaut,2806
pappu,2801
MaiKamalKhilaneAyaHu,2800
MumbaiVotesForNation,2799
JustModi,2799
TRS,2798
चौकिदार,2796
JDU,2787
ModiOnNews24,2782
CRPF,2780
AkshaySpeaksToModi,2778
tattoos,2776
Assam,2775
CongressPakistanUnited,2773
MoonMoonSen,2773
Vertical,2769
JanaNayakanRahulGandhi,2767
SayNoToPragya,2767
IndiaMaangeNyay,2762
IVoted,2762
RightToMeme,2760
ExitPollOnSudarshan,2758
Seeman,2755
SriLanka,2737
ausvotes,2736
LKAdvani,2736
FridayMotivation,2732
jamia,2731
art,2722
Gajuwaka,2722
राफेल,2721
Duraimurugan,2721
boycott_shikara,2721
VellaporaanVivasayi,2714
AntinationalManifesto,2712
chandnichowk,2709
CM,2707
Meerut,2707
CONGRESS,2706
USA,2705
ArnabOnMay23,2703
Indore,2700
आयेगा_तो_मोदी_ही,2700
FridayThoughts,2691
சீமான்,2689
Navratri,2681
Pragya,2681
OperationVadra,2669
SwachhBharat,2669
उत्तरप्रदेश_विजय_संकल्प,2668
love,2667
sudhirchaudhary,2665
PMAddressToNation,2664
हिन्दू,2662
BureDinJaneWaleHai,2659
phase4,2659
ISRO,2658
SmritiVsRahul,2653
electionday,2653
CONgressEkBailKatha,2652
चोकीदार,2650
GeneralElections,2648
ChowkidarJailsNirav,2648
ShahRallyTargeted,2646
Manmohansingh,2645
vote4modi,2643
vindictivedictatortrump,2640
maibhichowkidar,2638
electioncommission,2636
Nesamani,2633
RahulOnABP,2627
MaalLegayaChowkidar,2626
LoksabhaElection,2623
ShikharSammelan2019,2620
ITRaid,2618
CBI,2614
SmritiSeDrtaHai2SeatSeLdtaHai,2613
Votekar,2612
AugustaWestland,2611
लोकसभानिवडणूक,2608
TNNaMoWarriors,2606
TwitterChaupal,2605
pediatric,2605
somvaarkavaar,2603
नरेंद्रमोदी,2603
Sabarimala,2601
AssemblyElections2019,2601
RamNavami,2601
uniformcivilcode,2599
delhiresults2020,2598
Chaukidar,2597
DNA,2596
BalakotAirStrike,2594
ನೀವ್_ಬಂದ್ರೆ_28ಕ್ಕೆ28,2591
ArunachalWelcomesRahulGandhi,2586
RahulJhootJumla,2584
RahulTharangam,2582
AMMK,2581
Raebareli,2579
wayanad,2576
RahulCitizenship,2575
कांग्रेसी,2573
gargicollege,2572
MyVoteMyRight,2568
ChowkidarPureHain,2565
BiharMangeModiDobara,2565
rss,2559
DelhiVoteKar,2557
RahulAdmitsRafaleLie,2555
sushmaswaraj,2555
Healthcare,2554
ModiChantSpooksCong,2552
RahulMasoodJiRemark,2548
Naxals,2546
aamaadmiparty,2544
ModiOnceAgain,2532
नेहरू,2532
NehruChecksIn,2531
Holi2019,2527
timemagazine,2525
AmchaRahulGandhi,2524
Suriya,2521
FakeNewsPeddlerTV9,2517
INDvAUS,2516
SharadTripathi,2512
KamalHassan,2508
NRC,2506
ABPExitPoll2019,2505
ಒಂದ್_ಕೈ_ನೋಡ್ತೀವಿ,2505
Gorakhpur,2499
Congratulations,2499
मायावती,2499
dmk,2497
NamumkinAbMumkinHai,2495
MizoramElections2018,2493
Modi2Begins,2490
AnilAmbani,2490
sidnaazintoptwo,2489
ImpeachBarr,2484
NavjotSinghSidhu,2478
Pakistani,2478
FinanceMinister,2477
rinkiyakepapa,2471
Gandhinagar,2467
MNS,2464
BiharRejectsModi,2463
BoforsScam,2462
nyay,2459
AmethiKeDilMeinRahul,2451
ThingsNehruInvented,2450
YogaDay2019,2449
जनता,2447
Vote4MahaParivartan,2447
Voted,2442
resultondelhi,2435
ModiPhirse,2433
IndiaWithNamo,2431
ReleaseTheVideo,2430
AmethiWithSmriti,2425
NaveenPatnaik,2423
bjpwinningdelhi,2422
KhanMarketGang,2422
SackSmritiIrani,2422
हुआ_तो_हुआ,2420
RahulGandhiForPM,2419
oscars,2417
JanaSena,2413
प्रभुकबीर_की_वाणी,2413
SadhviPragyaThakur,2413
ElezioniEuropee,2410
DigitalIndia,2408
ModiCabinet2,2404
TelanganaWithKCR,2400
RahulGandhiPagalHai,2399
कमल_खिल_गया_दिल्ली_में,2397
वेद_मेरा_भेद_है,2397
EastDelhi,2393
JustIn,2390
तेजबहादुरयादव,2385
GoodByeModi,2382
NyayforRajasthan,2382
ModiMattomme,2378
ElectionResults2018,2375
MakeInIndia,2375
ModiNeverAgain,2374
रायबरेली,2374
RememberingRajivGandhi,2374
Hindutva,2372
US,2370
mayawati,2362
HealthCareForAll,2362
May23WithTimesNow,2360
ModionNews24,2360
NeverForget1984,2359
MainBhiChowkidarHun,2358
RahulNyayDilayega,2357
चमचे,2356
TejasviSurya,2356
Chowkidarchorhai,2348
crimenews,2348
नमो_अगेन,2346
Justiceforebiz,2345
Ramadan,2345
GaribiHataoSham,2345
BJD,2342
electionswithndtv,2341
मैंभीचौकीदार,2336
SankalpPatra,2335
shukla,2334
mersal,2332
My15LakhStory,2332
RavishKumar,2331
PoonamPhirSe,2331
NewDelhi,2329
NammaThalaivarRahulGandhi,2325
श्रीलंका,2322
RashtrapatiBhavan,2321
supremecourt,2319
HarHarMahadev,2319
WorldCup2019,2313
Feminism,2312
BiharWithModi,2307
MeraParivarBhajapaParivar,2305
JUSTIN,2304
SunilArora,2304
weloveyoumodiji,2303
PriyankaVadra,2302
LokSabhaelections2019,2300
NEET,2290
KBPMselfie,2290
नरेंद्र_मोदी,2290
Israel,2280
वोटकरो,2279
NeverForgive1984,2279
CongressCollapse,2278
Theni,2276
JallikattuBan,2268
गीता_तेरा_ज्ञान_अमृत,2265
जयाप्रदा,2265
NYAYforKarnataka,2260
Mainpuri,2257
Iran,2256
Atishi4Parliament,2253
SurfExcel,2253
UrbanNaxal,2253
BharatMataKiJai,2252
aarti,2252
indian,2250
CloudCover,2248
सरकार,2246
UASpilihPrabowo,2243
Sonarpura,2242
DMDK,2233
Pune,2232
Vote4AAP,2230
BJPMission2019,2230
loksabha,2229
asimriazforthewin,2228
पकौड़ेवाला,2227
shehnaazians,2226
shaheenbaghprotest,2223
RaulVinci,2222
delhiresultonzee,2220
திமுக,2219
JANASENARevolution2019,2218
delhipolls,2215
justasking,2213
SheilaDixitBJPAgent,2210
ElectionWithNews18,2208
Ghilli,2208
giftbox,2205
PrimeMinisterOfIndia,2204
選挙に行こう,2204
चाय,2202
freebies,2202
LutyensCrisis,2201
AtishiVsGambhir,2200
தாமரை_மயிர்ல_கூடமலராது,2197
kamalhassan,2192
rajyasabha,2192
London,2192
PeoplesAgenda2019,2191
Advani,2185
ग़ुस्से,2185
रोष,2185
IAF,2181
MahatmaGandhi,2181
SadhviVsDigvijaya,2180
NarendraModiJindabad,2178
Loksabha,2176
ShahSpeaksToArnab,2174
Holi,2173
NCT127,2169
MPReportCard,2168
MumbaiVotes,2167
गठबंधन,2165
ModiInKashi,2160
BanEVM,2157
chokidar,2156
Muzaffarnagar,2154
RahulKaBaapDallaHai,2153
VaravayiRahulGandhi,2150
indvnz,2145
AusVotes2019,2145
Nammavar,2141
Emergency,2132
priyankagandhi,2120
கள்ளநோட்டுபாஜக,2116
राहुलगांधी,2115
BlackSpotOnJudiciary,2109
maratonamentana,2106
KiskiSarkar,2103
Shivsena,2103
byelection,2102
ಮೋದಿಮತ್ತೊಮ್ಮೆ,2102
अगस्ता_वेस्टलैंड,2101
loksabhaelection2019,2101
ArunJaitley,2099
PMAY,2094
SankalpHamaraModiDubara,2093
पकौड़ा,2090
कोंग्रेस,2089
Farmers,2089
ElectionsWithPT,2087
MuellerReport,2083
AIMIM,2080
VoteWisely,2078
Indiawithnamo,2078
Modi_Failed,2075
JaganMohanReddy,2075
TorchLight,2075
BJPFoundationDay,2073
मोदी_जी,2071
ModiFooledIndia,2070
cabinet2019,2067
yanggang,2066
jobs,2063
अखिलेश,2059
GobackRahul,2058
mondaythoughts,2049
जयश्रीराम,2048
NGK,2047
voteforindia,2047
barr,2044
மோடி,2044
JDS,2041
Modiji,2040
Dantewada,2038
गोबर,2037
kag,2034
ChintamaniSpeaks,2034
Chowkidaar,2032
education,2032
बनारस,2032
JAEHYUN,2028
Sensex,2028
재현,2026
DeepakChaurasia,2026
DoctorsForModi,2026
NCT127_FANSIGNinBKK,2022
ManyataTechPark,2021
ShutTheFakeUp,2019
SocialMedia,2017
NamardInsult,2014
GOVOTE,2012
BuraNaManoModiHai,2012
Ajmer,2011
Sarkar,2006
uttarpradesh,2006
KedarnathTemple,2004
government,2003
GOT,2003
मराठी,2002
Inshallah,2001
OperationKarzMaafi,2000
TheCountdown,2000
MeriAwazMeriCongress,1997
தேர்தல்போர்,1997
SabkaVishwas,1997
நாம்தமிழர்கட்சி,1996
girirajsingh,1992
1984SikhsGenocide,1992
LoveJihad,1991
BJPVijaySankalp,1989
ModiGovernment,1985
ExitPolls2019,1985
Russia,1984
Udhampur,1983
AprilFoolsDay,1980
JayegaToModiHi,1978
Replug,1974
Shah,1974
NyayScheme,1974
EP2019,1972
DonaldTrump,1972
मोदी_हारा_शाहीनबाग_जीता,1971
JanBhavnaRally,1970
चमचों,1969
PMNarendraModiBiopic,1967
UnionCabinet,1966
RT,1966
IStandWithRahulGandhi,1966
NDTVNewsBeeps,1965
meinbhichowkidar,1962
म,1961
DeshDrohisUnited,1960
Narendramodi,1959
IndiaWins,1954
MAGA,1953
KTRFakeTears,1948
BharatRatna,1946
Rahulgandhi,1946
BhopalGasTragedy,1943
Left,1942
झोला,1941
SC,1940
NavjotSinghSiddhu,1940
priyankachaturvedi,1939
Europeennes2019,1936
senate,1932
ThankYouEVM,1932
HumHainDeshKeWafadaar,1931
France,1931
ShowThemPower,1931
Trisha,1930
VijaySankalpYatra,1929
DMKAlliance,1929
SaveBengal,1924
ManMohanSingh,1922
ElectionsOnMyPlate,1921
Exitpoll,1921
बिरयानी,1920
फ़कीर,1919
हम_निभाएंगे,1915
VijayMallya,1915
ITLivestream,1913
UNSC,1911
Thalapathy,1905
तैमूर,1905
NAMOAGAIN,1904
Nagababu,1904
ZeeNews,1903
fakenews,1902
mumbai,1902
आतंकवादी,1901
IStandWithGautamGambhir,1899
RamzanPollRow,1898
Pidi,1897
ResultsWithRajatSharma,1897
अब_होगा_न्याय,1897
kamalhaasan,1895
VoteNahiMaafiMaango,1895
NCP,1894
NuaOdishaRaSankalp,1890
1984SikhGenocide,1890
jaiebiz,1888
RajnathSingh,1888
MSM,1886
delhielectionresult,1886
RBI,1885
HomeMinister,1882
Thala,1881
rajat,1876
JanShakti4JalShakti,1875
Allahabad,1874
News,1868
DandiMarch,1868
Savarkar,1864
SADecides2019,1863
DemonetisationYaadRakhna,1863
TMCGoons,1862
Updates,1856
नोटबंदी,1856
रामपुर,1856
कमल_फट_गया_दिल्ली_में,1855
Lagbhag,1853
चौकीदारी,1852
मुस्लिम,1852
ThalapathyVijay,1851
HimachalPradesh,1851
TejBahadur,1850
AjayRai,1850
delhiresultsonnews18,1849
AmericaFirst,1846
MyVoteforCongress,1845
incometax,1844
shivsena,1838
EUElections2019,1837
loksabha2019,1836
भक्तों,1836
INSVirat,1835
CPM,1835
राजीव_गांधी,1834
MeinBhichowkidar,1832
बेगूसराय,1831
hugday,1829
चौकीदारनी,1828
PadmaShri,1827
News18IPSOSExitPoll,1824
सरासर_अन्याय,1822
TrollSangh,1821
NewsToday,1821
SalmanKhan,1817
RahulForEquality,1816
KejriwalAssassinationClaim,1816
Exitpoll2019,1814
AjitDoval,1813
Electionseuropeenne2019,1813
प्रियंका_गांधी,1812
RamCharan,1811
china,1809
KisanVirodhiModi,1809
Gobackpappu,1807
ChowkidarDebate,1807
CallMeRahul,1807
ResultDay,1807
SumitraMahajan,1806
राजठाकरे,1806
நாம்தமிழர்,1801
Mandya,1800
DelhiKaHaqAitheRakh,1800
VoteDo,1800
मैं,1800
InternationalWomensDay,1795
Electionswithndtv,1795
pragya,1795
Nagpur,1792
ModiSarkarDobara,1792
PadmaAwards,1790
VijaySankalpRally,1788
CastYourVote,1788
modihaitomumkinhai,1787
PaidMedia,1785
JPH4UdupiChikmagalur2019,1784
WhatsappUniversity,1782
चुनावआयोग,1782
alkalamba,1778
Mission2019,1776
राममंदिर,1775
IndianRailways,1775
ivoted,1775
health,1775
muslims,1774
पुलवामा,1772
रोजगार,1771
president,1771
BatteryTorch,1763
MasoodAzharGlobalTerrorist,1760
ModiKaVikasBakwaas,1758
PMInVaranasi,1757
बेरोजगारी,1756
फर्जी_चौकीदार,1754
MyCityMyPeople,1750
MPsOnSale,1749
ViratKohli,1747
2019elections,1746
development,1746
MulayamSinghYadav,1745
WhoAteTheRafalePie,1745
AndhraPradeshElection2019,1744
ExitPoll2019Results,1743
VoteMaaDi,1742
JumlaReturns,1741
bodopeaceaccord,1737
karnataka,1737
ராகுல்காந்தி,1734
परिवर्तन_बस_यात्रा,1734
CBNArmyNandyal,1734
श्रीराम,1733
Noida,1732
PMonNewsNation,1730
PriyankaWontFightModi,1728
impeachtrumpagain,1726
Maharshi,1725
ResultsDay,1725
terrorist,1724
AmethiKaRahul,1724
KashiBoleNamoNamo,1724
भक्त,1722
ModiFlopPressConference,1720
NPSGOBACK,1720
Uttarakhand,1719
WelcomeRahul,1719
HafizSaeed,1717
IndianAirForce,1716
सनातनधर्म,1715
राजनीति,1713
CongressParty,1712
Rafaledeal,1712
Demonetization,1711
RamNathKovind,1710
வெல்லப்போறான்விவசாயி,1709
lic,1709
हिंदुत्व,1709
Narendermodi,1708
últimahora,1708
PiyushGoyal,1706
EVMBahanaBrigade,1705
ShahOnNews24,1704
भोपाल,1702
CongressInsultsIndia,1700
ekhichowkidarchorhai,1699
kerala,1699
rafaledeal,1697
Aadhar,1696
Mumbaikars,1696
UAE,1693
ops,1692
inc,1690
Hindupuram,1689
MichelExposesFamily,1689
Azamgarh,1689
ModiCrushesPak,1688
GameOfThrones,1688
OruViralPuratchi,1687
AmitShahInPuri,1684
corruption,1683
Eleksyon2019,1680
APElectionResults2019,1677
npsgoback,1676
FestivalOfDemocracy,1676
VaravayiRahulGandhiYugam,1675
KejriwalGetsSlappedAGAIN,1675
BadaPajama,1674
VijenderForSouthDelhi,1672
ChaloHaathMilayen,1671
Thread,1668
AntiSemitic,1667
GenHoodaNationalSecurity,1667
RahulGandhiWithFishermen,1665
TIME,1665
CashForVotesModi,1665
voteforbjp,1664
ANC,1664
MLA,1663
Pawankalyan,1662
Kashmiri,1661
Abhinandan,1661
मध्यप्रदेश,1660
HappyBirthdayRahulGandhi,1660
RahulKiDefenceDeals,1659
TejPratapYadav,1659
democrats,1658
abpresults,1658
DilliKeDilMeinCongress,1658
ClimateChange,1658
YSRCPManifesto2019,1657
Venezuela,1657
lpg,1655
Tripura,1654
BalaKrishna,1654
होली,1653
RTI,1653
voteforasim,1652
ElectionsWithIndiaTV,1651
springseason,1648
AbNYAYHoga,1648
WeWillHandleHim,1647
विधायक,1647
ModiVsPappu,1647
भारत_माता_की_जय,1646
सत_भक्ति_संदेश,1645
Sanghifesto,1641
ठीक_है,1641
कश्मीर,1638
गांधी,1636
HemaMalini,1633
terrorism,1633
alert,1632
VoterQuotient,1631
Dhoni,1630
ElecctionResults2019,1629
jaihind,1628
Kannauj,1628
HaankInIndia,1627
IndiaWithEC,1627
Australia,1626
IndianMuslims,1626
nitingadkari,1626
LokSabhaElection,1625
69000_शिक्षक_भर्ती,1624
HumaroRahulGandhi,1623
BhaktBanerjee,1622
INSViraatCharge,1621
Hinduism,1621
rafale,1620
VoterAwareness,1619
SouthAfrica,1619
अंधभक्त,1619
directsellingguidelines,1617
PresidentTrump,1616
bjp4delhi,1615
DuraiMurugan,1614
farmers,1614
AnjanaOmKashyap,1613
TTVDhinakaran,1612
chowkidarchorhai,1606
AtishiForEastDelhi,1606
Samar,1603
GangaKiLaharPriyanka,1603
Samaira,1602
Thoothukudi,1601
தூத்துக்குடி,1600
chowkidars,1599
bjp_mukt_bharat,1597
Government,1597
AntiSemitism,1595
IndiaElections,1593
DeshNahiBecha,1593
Jagan,1592
RahulResigns,1592
IlhanOmar,1592
tattooed,1592
Economy,1588
DMK4TN,1583
Barcelona,1583
Lega,1583
Gorkhas,1579
political,1578
bhakt,1575
MainBhiChowkidarAtCP,1575
freedomofexpression,1574
asim,1573
Rendezvous,1572
DeMo,1572
Amritsar,1568
Europe,1566
vote4cleandelhi,1565
ModiModiModi,1565
PMMODI,1564
Blood,1563
YasinMalik,1562
Bhakts,1560
Surat,1559
Jodhpur,1559
भ्रष्टाचार,1559
pressconference,1559
nomination,1557
CongressPresident,1556
evm_मशीन,1555
iVoted,1555
अक्षय_कुमार,1555
RajnathPhirSe,1554
wednesdaythoughts,1552
VoteIndia,1551
MyVoteMyManifesto,1550
MCKejriwal,1549
Nepalese,1547
NyayForUnemployed,1546
breakingnews,1543
May23,1542
Patna,1541
PrashantKanojia,1540
FullStatehood4Delhi,1539
PragyaJoinsBJP,1538
अबकी_बार_400_पार,1537
जय_श्रीराम,1537
IndiaKaDNA,1537
Gambhir,1537
SunnyLeone,1536
XiJinping,1533
Barr,1531
Kathua,1531
CJI,1530
Mamata,1530
विजय_संकल्प_सभा,1529
BhrashtacharDebate,1526
ChorChowkidar,1525
SundayMorning,1524
polling,1523
LokSabhaElectionResults2019,1520
reservation,1520
भदोही,1520
awardswapsi,1520
SubramanianSwamy,1519
ModiModiBhaiBhai,1518
MeraBoothSabseMazboot,1514
NKKaul,1514
Gurugram,1513
assam,1513
surgery,1512
EU,1510
FirstTimeVoter,1510
AajTak,1510
ACJAward,1505
JSP,1504
MuteModi,1503
केदारनाथ,1500
RahulSaysSorry,1500
bhopal,1499
arrest_anuj,1499
GangaSahareAapkeDuare,1498
AlpeshThakor,1492
voteforasimriaz,1492
brasstacks,1492
NibhayeVaade,1490
प्रियंका,1489
பாஜக,1489
RahulOnNewsNation,1488
Rampur,1487
हिंदुस्तान,1485
GiftBox,1484
lahore,1484
दिल्ली_मांगे_बीजेपी,1482
ModiDobara,1481
ChorNoMore,1481
Sreerampore,1480
PatnaSahib,1478
बहन_जी_आ_रही_है,1477
MamataFrustrated,1476
VOTE,1475
hindu,1475
SharadPawar,1473
Bathinda,1473
शिवसेना,1471
महाराष्ट्र,1470
RahulJhootKaSach,1468
CongInsultsPoor,1467
IncredibleIndia,1467
GobackPappu,1464
SaveBengalFromMamta,1464
voters,1463
मोदी_सरकार,1461
ModiUnstoppable,1460
Thiruvananthapuram,1459
gandhinagar,1459
cardiac,1459
Gathbandhan,1457
AchheDin,1457
asimforthewin,1457
AapKiAdalat,1455
artificial,1455
MasoodAzharji,1453
DelhiModiKeSaath,1453
Canada,1452
YSJaganmohanReddy,1452
phase6,1451
firsttimevoter,1451
Dmk,1450
IshwarChandraVidyasagar,1450
IndiaSpaceSuperPower,1449
rajthackeray,1449
AssamWelcomesRahulGandhi,1449
Bangladesh,1447
ChaukidarChorHai,1446
Florida,1445
MainbhiPappu,1444
आतंकवाद,1444
rajinikanth,1443
AirStrike,1442
RahulLieFactory,1440
fl01,1439
surgicalstrike,1438
DMKManifesto,1437
DMKFails,1437
Maldives,1437
MondayMotivaton,1437
Bangalore,1437
VoteOutHate,1436
TimesOfRahul,1436
Thirumavalavan,1436
सुप्रीमकोर्ट,1436
திருட்டுதிமுக,1435
socialmedia,1435
खुशहालAmethi,1435
BSYeddyurappa,1435
ShekharGuptaDalalHai,1431
Ebiz,1431
ModiIsAMistake,1431
bb13withbiggboss_tak,1429
JustAsking,1427
ModiHaiTohGodseHai,1427
पाकिस्तान_में_पटाखे_फूटेंगे,1425
Hindi,1425
NTK,1425
WomenMarch4Change,1424
Auspol,1424
SurendraSingh,1424
நமதுசின்னம்விவசாயி,1423
AbbaiForBabai,1423
UPCM,1423
Pray_for_Neasamani,1423
justice,1420
BolChowkidarBol,1419
AmbedkarJayanti,1419
NorthEast4Modi,1419
climatechange,1418
ebiz,1418
बसपा,1418
Modi4NewOdisha,1418
westbengal,1417
चुनाव_आयोग,1416
asimsquad,1415
Kamal,1415
Amitshah,1415
VoteKarDelhi,1414
BREXIT,1414
ಸಮ್ಮರ್2020masterಎಂಟ್ರಿ,1413
मीडिया,1413
votedalodilli,1412
हिंदू,1411
Berojgar,1410
Nomination,1407
MainBhiPappu,1407
exclusive,1406
BJPseDemocracyBachao,1406
TanhaKejriwal,1404
CongressWinsBIG,1404
TamilisaiSoundararajan,1403
ArunachalPradesh,1403
BJPSupportsTerrorists,1400
zorawargillshukla,1400
NaMoWithTraders,1399
Chaiwala,1398
पप्पु_के_अजहर_जी,1398
தமிழ்தேசியம்,1398
youth,1397
liberal,1396
RahulGandhiToIndiaToday,1396
ManekaGandhi,1395
BuddhaPurnima,1393
पुरानी_पेंशन_बहाल_करो,1392
राफ़ेल,1391
उपेन्द्र_कुशवाहा,1390
dna,1390
ModiForPM2019,1389
AccheDin,1389
ASATLaunch,1387
Senate,1386
thalapathyvijay,1384
ByElection,1384
IndiaVsPakistan,1382
AP,1382
delhivotesforcongress,1380
Youth,1379
PollsWithAIR,1379
INDIA,1378
demonetisation,1376
Peterborough,1375
live,1375
PriyankaGandhiInWayanad,1374
नमो_नमः,1374
ContestAlert,1372
CongressKiFakeDiaries,1371
Chor,1370
Modi2,1370
Secularism,1370
Vellore,1368
TNSeshan,1367
InternationalDayofYoga,1364
veterans,1363
TNExclusive,1362
GeneralElection2019,1361
01TheChampion,1359
TelanganaElectionResults,1359
pmo,1359
HafizSayeed,1356
साध्वी_प्रज्ञा,1355
Gobackmodi,1355
राम,1355
ManiLand,1355
Police,1355
2019LokSabhaPolls,1353
bjpmuktbharat,1352
May23WithArnab,1352
AirStrikePolitics,1352
KaroMatdan,1349
Pragyathakur,1346
BanTheBurka,1346
Bhakt,1346
ModiOnBharat,1345
billbarr,1345
VoteforIndia,1344
RoadShow,1344
TransformingIndia,1344
voteforchange,1343
ShahRukhKhan,1343
विपक्ष,1342
Terrorism,1341
AbkibaarphirModiSarkaar,1338
WorldBookDay,1336
namotv,1336
Pennsylvania,1336
Vajpayee,1336
BLACKPINK,1335
UPPolice,1335
BorderPatrol,1334
हरियाणा,1334
kanhaiya4begusarai,1334
Labour,1333
Respect,1333
PMBJP,1332
MyVoteMatters,1331
data,1331
Adani,1330
ATCard,1330
दीदी,1329
SVEEP,1329
shame,1328
wahmodijiwah,1325
rajasthan,1325
NextPmBahenJi,1323
AmitabhBachchan,1323
NTKsymbolVivasayi,1322
nitishkumar,1322
JNU,1321
Ballot,1320
Solapur,1318
AlluArjunWithJanasenani,1318
HanumanJayanti,1318
मसूद_अजहर_जी,1317
Admk,1317
babar,1315
IYCwithRahul,1315
pelosi,1311
madisonmawali,1310
KejriwalBluffs,1310
video,1310
sotu,1307
mahagathbandhan,1305
NaMumkinAbMumkinHai,1304
jinnah,1304
pm,1303
KTRStealsData,1303
ndtv,1303
ChowkidarSeMahilaKoBachao,1302
yogi,1302
TripuraWelcomesRahulGandhi,1299
squad,1299
MainBhiDeshbhakt,1298
MohanBhagwat,1297
MadhyaPradeshElections,1296
npr,1296
CongArmsDealerWeb,1295
Yeshwantpur,1295
rajnathsingh,1295
GoandVote,1294
ChaiWala,1294
music,1294
ZakirMusa,1294
Indian2,1294
employment,1293
people,1292
BharatBoleNaMoNamo,1291
TwitterMoments,1291
रविंद्र_नाथ_त्रिपाठी,1290
EkBarFirModiSarkar,1290
योगी,1290
यूपी,1290
विधवा_महिला,1289
ekbaarphirmodisarkar,1289
IndiaSaysNamoAgain,1287
California,1286
AmartyaSen,1286
IndiasDividerInChief,1284
NigeriaDecides,1284
photography,1284
NAMO,1283
KadaramKondan,1283
WestBengalClashes,1283
आनंदीबेन,1281
ED,1280
barcelona,1279
उत्तरप्रदेश,1278
IndiasMostWanted,1276
YourVoteMatters,1275
Nifty,1275
MondayMorning,1275
महाठगबंधन,1274
GoaMining,1274
WeThePeople,1271
JaitleyOnZee,1271
DeshKaMahatyohar,1269
Sikh,1269
PKMKB,1268
दिल्ली_बोले_कांग्रेस,1268
ShahOnNews18,1267
FactCheck,1267
BJPMLA,1266
ApnaTimeAayegaPakka,1266
ebiz_is_youth_transformation,1265
RajuYadav4Ara,1265
healthcareforall,1265
LE19,1265
DilliWithKejriwal,1265
TsuNaMo,1264
mwc,1264
VoteForCycle,1264
EuropeanElection2019,1263
exitpoll2020,1263
AntiAuratParty,1262
PoshanAaharScam,1261
SpacePower,1260
bengal,1258
Muzaffarpur,1258
ElectionResult2019,1258
PowerOf18,1256
RajasthanElections,1256
ModiSwearingin,1256
INCforWomen,1255
AFSPA,1255
Yogi,1254
electionswithht,1254
Voters,1254
howmuchfree,1254
ChiyaanVikram,1253
Trinamool,1251
Putin,1250
nation,1248
Dynasty,1247
nota,1247
LocalElections2019,1247
Thalaivar,1246
verdict2019,1243
impeachment,1243
AshokLavasa,1242
kanimozhi,1241
एनडीए,1240
NC,1239
jaganMohanReddy,1237
PragyaInsultsMartyr,1237
SabkaSathSabkaVikas,1236
IZONE,1236
Netanyahu,1235
payalrohatgi,1235
Inked,1235
लोकसभानिवडणूक२०१९,1234
ElectionWithVikatan,1233
racism,1233
RafaleHearing,1233
TWICE,1233
UK,1232
RN,1231
Gurgaon,1230
voteformodi,1229
follow,1227
FranklySpeakingWithShah,1225
NewOdisha,1225
Tuticorin,1224
TV9Bharatvarsh,1224
exitpoll2019,1224
bernie2020,1223
chor,1222
PMSYM,1222
Raghav4Parliament,1218
Watch,1217
AntiNationalManifesto,1217
Jadavpur,1215
Bullet,1215
Coimbatore,1214
Google,1214
Priyankasharma,1213
aajtakexitpoll,1212
Dangal,1212
amitshahroadshow,1211
soniagandhi,1211
MalegaonBlast,1210
modiji,1210
VCK,1210
VoteForNewIndia,1210
MobLynching,1209
सांसद,1209
जय_हिंद,1208
GodBlessAmerica,1208
BharatBoleNamoNamo,1205
பரிசுப்பெட்டி,1205
twitter,1205
gobackrahul,1205
MainBhiKejriwal,1204
CPI,1203
ModiTransformsBharat,1203
rashamikeaslifans,1202
GOP,1202
UnfoldingIndianElections,1200
राष्ट्रवाद,1199
SaveDemocracy,1199
electionresults2019,1198
pmk,1198
AbkiBaarChowkidar,1198
PranabMukherjee,1196
ModiInterviewDebate,1196
RajivViraatVacation,1196
DelhiElections,1196
NJ,1195
देशद्रोही,1194
குருவைய்யா,1194
PhirEkBaarModiAnurag,1194
nlc,1193
AprilFoolDay,1193
TripleTalaq,1192
Kandhamal,1192
मुसलमान,1190
DIU,1190
bihar,1187
INSViraatcharge,1187
AbkiBaarModiSarkar,1187
GirirajSingh,1187
BurnolPredicts,1186
शिक्षामित्रों,1185
Kairana,1184
RajyaSabha,1183
CBN,1183
Employment,1183
emergency,1182
FeudalLordKCR,1182
assembly,1182
मुख्यमंत्री,1182
Nonstopdemocracy,1181
ChowkidarPureHai,1179
SamantaForKandhamal,1179
manmohansingh,1178
Europee2019,1178
sidharthsukla,1178
MSDhoni,1177
AAPKaManifesto,1175
tamilnadu,1175
RamadanMubarak,1174
Aadhaar,1173
ModiGoesCrazy,1173
भगवा,1173
ManojTiwariEkBimari,1172
shameondelhipolice,1172
Anantnag,1171
CHOWKIDAR,1170
bharatbolemodimodi,1169
obama,1169
BharatBoleModiFirse,1168
VoteForJhadu,1168
Banaras,1168
justiceforebizTelangana,1165
Opposition,1165
SAelections2019,1165
Lokpal,1164
BhagodaRahul,1163
राष्ट्रवादी,1162
CloudModi,1162
VoteForFan,1162
AmchoRahulGandhi,1162
Vote4Bjp,1161
ModiToadies,1161
VoterTurnout,1160
SambitPatra,1159
VishwasghaatDivas,1159
electioncommissionofindia,1159
CONgress,1159
IndiaWithModi,1158
Dalal_List,1158
VampireCongress,1157
RanjanGogoi,1156
JetAirways,1155
RahulDealWithScamsters,1155
academics4namo,1154
IamALostVote,1151
Re,1151
WhatsApp,1150
DigitalCamera,1150
ChowkidarImranKhan,1150
Ramzan,1149
चांदनी_चौक,1147
JPNadda,1147
BharatSeDhokha,1146
VijayTelevision,1146
MainBhiChor,1146
modigovt,1146
Rajneeti,1145
EuropeanElections2019,1144
MKstalin,1144
BSF,1144
साँपों,1143
आरएसएस,1143
Bengali,1143
OROP,1142
Feku,1141
myfirstvoteformodi,1141
Presstitutes,1140
GayabFileGayabJob,1140
कागज_नहीं_दिखाएंगे,1139
elxn43,1139
Census,1139
AshokGehlot,1138
chokidaarchorhai,1137
OppositionVsIndia,1135
arvindkejariwal,1133
IndiaTV,1133
मेरा_परिवार_भाजपा_परिवार,1132
ButtonDabaoGhamandMitao,1131
Europawahl2019,1131
AssemblyElection2018,1131
Priyanka,1131
TINA,1129
शिक्षामित्र,1129
bjp45plusindelhi,1129
delhipolice,1128
phirekbaarmodisarkar,1128
ITrustEVM,1127
AsaduddinOwaisi,1127
WithPK,1125
electoralbonds,1125
GOT7,1125
BJP420Party,1124
NAMO_AGAIN,1123
madhyapradesh,1123
Savethedoctors,1123
RCB,1121
ModiWithTerrorist,1121
EVMswapping,1120
ModiShahKaGundaRaj,1120
PMOnNewsNation,1120
makeyourmark,1119
scstact,1119
JammuKashmir,1119
leadership,1119
चौकीदार_सो_रहा_था,1119
चीन,1119
NyaySePragati,1119
sid,1117
SikhGenocide,1116
RahulLaiBhaari,1114
business,1113
देशकामूड,1112
ITBP,1112
Silchar,1111
HomeMinistry,1111
exitpollresults,1111
Macron,1111
नमो,1110
News18,1110
Nota,1108
chaiwala,1108
Aurangabad,1107
IPL2019Final,1107
StopHindiImposition,1107
तेजबहादुर_यादव,1107
SwearingInCeremony,1107
Yeti,1106
VBA,1106
RahulFromWayanad,1105
एनआरसी,1105
manishankaraiyar,1103
MIvCSK,1102
Vaiko,1102
बुनकर,1102
WhatsAppUniversity,1102
dillichalemodikesaath,1101
ठगबंधन,1100
CongForPakistan,1100
Hamirpur,1100
VoteLabour,1100
SanjayNirupamForNorthWest,1098
ModiToTimesNow,1097
LokSabhaChunav2019,1095
savecutoff90_97,1094
paidmedia,1094
Exitpolls,1093
Superstar,1091
PriyankaWithSilchar,1090
travel,1089
justice4ebiz,1089
सीएए,1088
rogerstonedidnothingwrong,1088
SelfieWithTilak,1087
pmnarendramodi,1086
MainBhiChowkdiar,1085
sidhuquitpolitics,1084
CBDT,1084
नेपाल,1083
loksabhaElections2019results,1082
ChowkidarNetsNirav,1081
SunTV,1081
AdchiThooku,1081
Morena,1080
inkedgirls,1079
Thalapathy63,1079
UnitedStates,1079
2019ElectionResults,1078
SilcharWithSushmita,1077
Yoga,1077
MuhKholaJhoothBola,1076
420Jagan,1075
impeachbarrnow,1075
asimriyaz,1075
EidMubarak,1075
Irani,1074
yogiadityanath,1074
bhimavaram,1074
PakistanSupportsModi,1073
Andhra,1072
SaathRahengeSaathChalenge,1072
WhyModi,1071
KolkataViolence,1070
qouted,1070
votekaro,1068
Dalit,1068
Backops,1068
ResultsWithDDNews,1067
चूतिया,1065
bollywood,1065
GetInked,1064
manishsisodia,1063
Realebiz,1062
cair,1062
कांग्रेस_का_जनाजा_2019_चुनाव,1062
KaamdarKaSamman,1061
SabootGangBack,1061
caa_nrc_npr,1060
American,1060
Mandate2019,1058
kolkata,1058
ISIS,1058
DDNews,1058
ManojTiwariKiChaupal,1058
shukkli,1057
mebhichowkidar,1057
HappyMothersDay,1055
Ntk,1053
British,1052
Ramzan2019,1052
IWantToVoteBut,1050
RightToVote,1050
InkedForIndia,1050
Ganga,1048
aayegatomodihi,1048
primeminister,1048
JanKiBaatExitPoll2019,1047
Arnab,1047
AsaramBapuVerdict,1046
water,1046
ekbarfirmodisarkar,1045
Liberals,1044
jayaprada,1044
fraud,1043
G20Summit,1043
Health,1042
Endgame,1042
brexit,1041
DMBChuneKaamdar,1040
republicans,1040
Kanpur,1039
बापू,1039
WomenEmpowerment,1038
News18India,1038
GujaratSaysNaMoAgain,1038
Ladakh,1037
आयुष्मान_भारत,1037
PresidentKovind,1036
हर_हर_महादेव,1034
poverty,1033
23May,1033
MainbhiChowkidar,1031
WomensDay,1031
Cricket,1030
UN,1029
NIA,1029
AmitShahOnRepublic,1029
YeddyuarappaDiaries,1028
Malda,1027
POTUS,1027
JawaharlalNehru,1026
दलाल_मीडिया,1026
Trending,1025
रामनवमी,1025
Republicans,1025
castyourvote,1024
2020Election,1024
MumbaiBridgeCollapse,1023
Vote4Left,1023
NGT,1023
NehruKhan,1022
IncomeTaxRaid,1022
Karur,1022
TNwelcomesModi,1021
SaturdayMorning,1020
Fake,1020
YSJaganAneNenu,1020
bb,1019
trump2020,1018
Chintamani5Dots,1018
NamoNamo,1018
Terrorists,1017
YogaDay,1016
RafaleCase,1016
NyayKaSach,1015
newindia,1015
GudiPadwa,1014
Mahasangram,1014
Kabir_is_God,1013
NaamTamilarKatchi,1013
शाहीनबाग़,1013
आरबीआई,1011
airstrike,1011
NoNotaPlease,1011
ElectionsEuropeennes2019,1010
मोदीसरकार,1010
Bapuji,1009
संतरामपालजी,1007
Terrorist,1006
TravelDiaries,1006
MainBhiKhabardar,1006
dcstatehood,1006
पटना,1004
evmhacking,1003
worldtour2019,1003
APWithCBN,1002
தேர்தல்யுத்தம்2019,1001
